{"inputUnits":[34],"outputUnits":2,"inputs":{"0":{"dtype":"number","min":259.98131184262525,"max":402.4480450106966},"1":{"dtype":"number","min":63.40753696308062,"max":242.87468787761048},"2":{"dtype":"number","min":275.85931354923474,"max":413.56601581499274},"3":{"dtype":"number","min":47.61268407918136,"max":217.95740624810009},"4":{"dtype":"number","min":241.59042269339358,"max":379.24894934034535},"5":{"dtype":"number","min":50.9145037580557,"max":226.02493939232733},"6":{"dtype":"number","min":304.95590744315416,"max":443.0298293889265},"7":{"dtype":"number","min":48.273256056967426,"max":192.93803530444433},"8":{"dtype":"number","min":228.85983953216197,"max":335.13065442037026},"9":{"dtype":"number","min":53.82857860758148,"max":205.41244031854177},"10":{"dtype":"number","min":347.4838066843233,"max":477.2583214132702},"11":{"dtype":"number","min":119.21371994315419,"max":208.06010561694433},"12":{"dtype":"number","min":210.06435052893968,"max":298.6760073413181},"13":{"dtype":"number","min":128.06008661767387,"max":211.46920883238084},"14":{"dtype":"number","min":404.8064496823322,"max":592.0024156384895},"15":{"dtype":"number","min":182.2979106977292,"max":261.97614024121475},"16":{"dtype":"number","min":135.95009889120257,"max":238.46023155093658},"17":{"dtype":"number","min":183.65366538674914,"max":283.9503912424763},"18":{"dtype":"number","min":461.617038593218,"max":546.246373514257},"19":{"dtype":"number","min":301.31606521309584,"max":390.89900035338644},"20":{"dtype":"number","min":164.70684303847733,"max":196.14851510014515},"21":{"dtype":"number","min":297.4945519592048,"max":389.918732995653},"22":{"dtype":"number","min":363.8462146803563,"max":435.7529713671495},"23":{"dtype":"number","min":239.3244548159351,"max":340.4671255623784},"24":{"dtype":"number","min":258.5973764857429,"max":329.67871402488146},"25":{"dtype":"number","min":240.98630719611617,"max":344.6490751630137},"26":{"dtype":"number","min":357.0760645291221,"max":536.1004840539123},"27":{"dtype":"number","min":258.2777731335117,"max":459.20017108843024},"28":{"dtype":"number","min":215.79217458049612,"max":322.1162441268505},"29":{"dtype":"number","min":206.6926355027967,"max":452.68582236442126},"30":{"dtype":"number","min":357.05526967920684,"max":546.173784426678},"31":{"dtype":"number","min":311.20010019740243,"max":559.2127471211355},"32":{"dtype":"number","min":182.93059471516295,"max":341.31789151796573},"33":{"dtype":"number","min":306.5200188187774,"max":563.1278207979313}},"outputs":{"0":{"dtype":"string","min":0,"max":1,"uniqueValues":["x","y"],"legend":{"x":[1,0],"y":[0,1]}}},"isNormalized":true}