{"inputUnits":[34],"outputUnits":2,"inputs":{"0":{"dtype":"number","min":351.97512615515564,"max":378.62169792679964},"1":{"dtype":"number","min":18.833865154578064,"max":102.6333962525839},"2":{"dtype":"number","min":367.56859864706195,"max":388.4421619459813},"3":{"dtype":"number","min":10.5337809403119,"max":94.46582363737232},"4":{"dtype":"number","min":344.25906763930266,"max":368.23780282462155},"5":{"dtype":"number","min":10.928907579948927,"max":93.94512013238693},"6":{"dtype":"number","min":381.2724880114604,"max":401.29549108126747},"7":{"dtype":"number","min":19.02049261308366,"max":96.9292559790704},"8":{"dtype":"number","min":330.3600717982429,"max":357.3026165795234},"9":{"dtype":"number","min":14.160711978660018,"max":96.73662712601836},"10":{"dtype":"number","min":402.0229137732361,"max":420.7574474765169},"11":{"dtype":"number","min":86.49222526104998,"max":130.60907861138134},"12":{"dtype":"number","min":321.7450262878655,"max":339.92406466591683},"13":{"dtype":"number","min":88.71383310755868,"max":126.18906874601015},"14":{"dtype":"number","min":424.5837544838278,"max":451.3502211515078},"15":{"dtype":"number","min":48.80983107748662,"max":175.78068595915917},"16":{"dtype":"number","min":273.90044334797545,"max":313.896606979667},"17":{"dtype":"number","min":60.41121664678076,"max":181.19316368251458},"18":{"dtype":"number","min":428.1889194829919,"max":460.54643326696254},"19":{"dtype":"number","min":16.893267798516533,"max":255.4499430971851},"20":{"dtype":"number","min":256.8457078748176,"max":316.238457943215},"21":{"dtype":"number","min":22.875946876139963,"max":253.4519311333445},"22":{"dtype":"number","min":392.1220861056436,"max":406.28124786258206},"23":{"dtype":"number","min":230.22400317952793,"max":275.6986435470878},"24":{"dtype":"number","min":327.7641147954919,"max":352.69885942629804},"25":{"dtype":"number","min":226.5281255699781,"max":269.9321150130335},"26":{"dtype":"number","min":394.31562727991246,"max":436.08633315980666},"27":{"dtype":"number","min":355.39823955135125,"max":395.28569677924366},"28":{"dtype":"number","min":302.467741613722,"max":357.44115376750784},"29":{"dtype":"number","min":352.3666102784153,"max":388.22980710040736},"30":{"dtype":"number","min":386.0313540210056,"max":454.1306325712093},"31":{"dtype":"number","min":452.38128305873056,"max":518.6068904446257},"32":{"dtype":"number","min":282.1605949550287,"max":378.1847479556785},"33":{"dtype":"number","min":461.79905160391843,"max":525.6891439118738}},"outputs":{"0":{"dtype":"string","min":0,"max":1,"uniqueValues":["x","y"],"legend":{"x":[1,0],"y":[0,1]}}},"isNormalized":true}