{"inputUnits":[34],"outputUnits":4,"inputs":{"0":{"dtype":"number","min":252.2321352235074,"max":357.23810589267123},"1":{"dtype":"number","min":34.251117632082924,"max":200.73334512079737},"2":{"dtype":"number","min":251.56152509993618,"max":367.2311721979876},"3":{"dtype":"number","min":23.821881364755598,"max":179.09825425203672},"4":{"dtype":"number","min":246.60112136068975,"max":349.1627520253222},"5":{"dtype":"number","min":26.41714251922727,"max":191.87953251345147},"6":{"dtype":"number","min":273.71355702441025,"max":385.7526762847307},"7":{"dtype":"number","min":31.222974131543353,"max":175.0127520728204},"8":{"dtype":"number","min":240.17135249037688,"max":338.55670261011977},"9":{"dtype":"number","min":33.67848555865454,"max":192.0810352132478},"10":{"dtype":"number","min":296.19555877804294,"max":410.44490472815846},"11":{"dtype":"number","min":86.95749364474403,"max":201.16331657083117},"12":{"dtype":"number","min":251.6650936854025,"max":320.40937698304884},"13":{"dtype":"number","min":90.65282086917861,"max":230.20884413663515},"14":{"dtype":"number","min":326.46590058441757,"max":455.85709864991185},"15":{"dtype":"number","min":93.45712505889773,"max":247.6366480964631},"16":{"dtype":"number","min":203.6890930888254,"max":289.2400766810554},"17":{"dtype":"number","min":96.66077372628891,"max":297.11387188981945},"18":{"dtype":"number","min":364.0130211499878,"max":497.28767246587734},"19":{"dtype":"number","min":40.657756003888196,"max":311.6035526735773},"20":{"dtype":"number","min":161.10742709979937,"max":341.4239501953125},"21":{"dtype":"number","min":36.80618226760093,"max":358.3924212437196},"22":{"dtype":"number","min":339.04030410232247,"max":389.4445604851274},"23":{"dtype":"number","min":215.69502656098007,"max":333.12468057476593},"24":{"dtype":"number","min":273.32748947440416,"max":338.26649944142144},"25":{"dtype":"number","min":206.74068703261793,"max":328.1302242056405},"26":{"dtype":"number","min":362.95698470178746,"max":424.20019008770066},"27":{"dtype":"number","min":320.5425027928928,"max":422.003983672027},"28":{"dtype":"number","min":224.99509343841197,"max":317.77551643579386},"29":{"dtype":"number","min":235.5821204278256,"max":421.8679928315753},"30":{"dtype":"number","min":346.7560135065813,"max":453.7398935755867},"31":{"dtype":"number","min":396.2005707262091,"max":529.4205080024927},"32":{"dtype":"number","min":230.40420829090164,"max":340.3384601281311},"33":{"dtype":"number","min":312.6770031405794,"max":529.5897261920143}},"outputs":{"0":{"dtype":"string","min":0,"max":1,"uniqueValues":["a","b","c","d"],"legend":{"a":[1,0,0,0],"b":[0,1,0,0],"c":[0,0,1,0],"d":[0,0,0,1]}}},"isNormalized":true}