{"inputUnits":[34],"outputUnits":2,"inputs":{"0":{"dtype":"number","min":291.3720216268695,"max":390.45135854283194},"1":{"dtype":"number","min":184.863390495805,"max":218.54522467587248},"2":{"dtype":"number","min":300.6854022430539,"max":407.7062275808609},"3":{"dtype":"number","min":176.26678585542317,"max":205.8381237222991},"4":{"dtype":"number","min":278.3430812331025,"max":385.0085092982429},"5":{"dtype":"number","min":174.65792407321558,"max":206.9628146279183},"6":{"dtype":"number","min":329.75977678707136,"max":423.6444946764044},"7":{"dtype":"number","min":180.86238519690846,"max":211.13455687051618},"8":{"dtype":"number","min":267.48983420286663,"max":365.05186266472367},"9":{"dtype":"number","min":180.4236552316391,"max":212.50506330556908},"10":{"dtype":"number","min":374.2130169701484,"max":433.5879730343355},"11":{"dtype":"number","min":229.26345587704435,"max":277.4675056071597},"12":{"dtype":"number","min":252.40040344950754,"max":337.0296896849161},"13":{"dtype":"number","min":227.8897474711971,"max":277.535973188942},"14":{"dtype":"number","min":391.3220197031934,"max":533.5695021811163},"15":{"dtype":"number","min":157.47988600675234,"max":319.7379583514618},"16":{"dtype":"number","min":153.57146979305995,"max":314.5734310521226},"17":{"dtype":"number","min":146.5397068127584,"max":320.0653395300246},"18":{"dtype":"number","min":358.44780099994944,"max":550.6690314029441},"19":{"dtype":"number","min":37.71874453770975,"max":228.75928351851292},"20":{"dtype":"number","min":139.20867801176436,"max":332.14927228044445},"21":{"dtype":"number","min":58.46556904714859,"max":235.14125304463312},"22":{"dtype":"number","min":377.5238393345696,"max":397.9830798286408},"23":{"dtype":"number","min":406.70813178273954,"max":432.09985874042434},"24":{"dtype":"number","min":286.92562949332745,"max":319.2739551262169},"25":{"dtype":"number","min":405.44386154946653,"max":433.1334523004317},"26":{"dtype":"number","min":402.65161477174274,"max":462.5585391270975},"27":{"dtype":"number","min":440.56261114573203,"max":476.5983826455439},"28":{"dtype":"number","min":247.31734101410507,"max":287.5170803441148},"29":{"dtype":"number","min":436.1058365046282,"max":499.1350024034077},"30":{"dtype":"number","min":388.809539557431,"max":451.7500940463886},"31":{"dtype":"number","min":502.5689602269273,"max":542.7839060980059},"32":{"dtype":"number","min":235.92295813653257,"max":282.83844380063306},"33":{"dtype":"number","min":496.6112592526447,"max":549.5741604459889}},"outputs":{"0":{"dtype":"string","min":0,"max":1,"uniqueValues":["x","y"],"legend":{"x":[1,0],"y":[0,1]}}},"isNormalized":true}