{"inputUnits":[34],"outputUnits":2,"inputs":{"0":{"dtype":"number","min":305.24062101015323,"max":391.6540913266431},"1":{"dtype":"number","min":78.4153205782523,"max":87.88891269075268},"2":{"dtype":"number","min":314.8030265481556,"max":403.01589817388515},"3":{"dtype":"number","min":68.30086080944491,"max":78.18164053594091},"4":{"dtype":"number","min":295.6673707479633,"max":381.56748612103297},"5":{"dtype":"number","min":68.89538241731518,"max":81.54196401514432},"6":{"dtype":"number","min":332.2467682241002,"max":419.23314313480364},"7":{"dtype":"number","min":74.6539315546533,"max":85.23577738364847},"8":{"dtype":"number","min":284.0116716080603,"max":368.09353305208083},"9":{"dtype":"number","min":76.46553009864422,"max":89.32713193188383},"10":{"dtype":"number","min":362.76256457377036,"max":442.305900781535},"11":{"dtype":"number","min":130.78277112908864,"max":154.4224693803008},"12":{"dtype":"number","min":264.84540174907283,"max":343.49517466029306},"13":{"dtype":"number","min":132.2102207525231,"max":151.07187946482856},"14":{"dtype":"number","min":381.12883690266295,"max":507.91485263215895},"15":{"dtype":"number","min":166.0568504481928,"max":237.16496241231835},"16":{"dtype":"number","min":248.0603769502751,"max":313.1249424084615},"17":{"dtype":"number","min":158.64992720607654,"max":232.0492256847337},"18":{"dtype":"number","min":389.5577747626991,"max":587.6617538511521},"19":{"dtype":"number","min":164.84728742666283,"max":309.1684280573626},"20":{"dtype":"number","min":179.06645897297545,"max":301.41199846675886},"21":{"dtype":"number","min":157.23013747990828,"max":300.21621644728845},"22":{"dtype":"number","min":345.15304149820645,"max":407.050122212807},"23":{"dtype":"number","min":290.0277413097337,"max":304.72155619224225},"24":{"dtype":"number","min":283.15411578820374,"max":346.5220671776204},"25":{"dtype":"number","min":292.52261150671814,"max":308.0441129810615},"26":{"dtype":"number","min":352.0922240023483,"max":421.6063194423334},"27":{"dtype":"number","min":407.52111353299034,"max":421.9337932423395},"28":{"dtype":"number","min":290.2418844616367,"max":349.97372044663484},"29":{"dtype":"number","min":397.89683288173455,"max":424.27789947866},"30":{"dtype":"number","min":342.6328678353751,"max":426.3027526617978},"31":{"dtype":"number","min":503.8957018425492,"max":524.8453049715391},"32":{"dtype":"number","min":297.6339104203399,"max":378.29063326468264},"33":{"dtype":"number","min":505.92135893231705,"max":533.9358900493221}},"outputs":{"0":{"dtype":"string","min":0,"max":1,"uniqueValues":["x","y"],"legend":{"x":[1,0],"y":[0,1]}}},"isNormalized":true}