{"inputUnits":[34],"outputUnits":2,"inputs":{"0":{"dtype":"number","min":314.7042431070647,"max":373.1514659837062},"1":{"dtype":"number","min":30.947111849654974,"max":198.3940223218866},"2":{"dtype":"number","min":329.38580346014714,"max":385.1801154585664},"3":{"dtype":"number","min":20.677541294914278,"max":189.53394789640078},"4":{"dtype":"number","min":303.3555193355575,"max":362.47283757428715},"5":{"dtype":"number","min":22.22553178957928,"max":186.0859507994893},"6":{"dtype":"number","min":347.9214596284503,"max":405.1756815038303},"7":{"dtype":"number","min":33.06729684080132,"max":204.97011117898074},"8":{"dtype":"number","min":287.2039373375562,"max":345.7200296008633},"9":{"dtype":"number","min":32.86655945536691,"max":207.26835673885125},"10":{"dtype":"number","min":375.1877317910992,"max":434.2987870984504},"11":{"dtype":"number","min":112.6176583256703,"max":266.9305419921875},"12":{"dtype":"number","min":265.03007347017876,"max":310.43851681720423},"13":{"dtype":"number","min":104.70116641270977,"max":260.2708785357642},"14":{"dtype":"number","min":457.0292170780642,"max":520.0685514457494},"15":{"dtype":"number","min":163.15318066786236,"max":210.90919227451667},"16":{"dtype":"number","min":189.16333150307028,"max":246.55987750695374},"17":{"dtype":"number","min":157.53301108393688,"max":190.5043997560494},"18":{"dtype":"number","min":457.8807952524623,"max":544.8180950476502},"19":{"dtype":"number","min":33.95396191786236,"max":110.3976102005183},"20":{"dtype":"number","min":183.11822676009243,"max":234.20257123063973},"21":{"dtype":"number","min":49.755266835253536,"max":110.78982104587183},"22":{"dtype":"number","min":339.38473950100314,"max":403.60678884305844},"23":{"dtype":"number","min":312.5590622007615,"max":471.4530843890594},"24":{"dtype":"number","min":285.28749577266234,"max":317.4969322115531},"25":{"dtype":"number","min":307.09697203877374,"max":469.2740568762159},"26":{"dtype":"number","min":329.6830007352718,"max":401.7109398155361},"27":{"dtype":"number","min":466.46389497393295,"max":572.4132350817729},"28":{"dtype":"number","min":281.94740651646475,"max":342.98166000425584},"29":{"dtype":"number","min":471.5616337520139,"max":580.438510286205},"30":{"dtype":"number","min":323.17672788864905,"max":398.25453678457654},"31":{"dtype":"number","min":545.7349582776021,"max":572.133679816695},"32":{"dtype":"number","min":280.28065306667224,"max":346.7042179330314},"33":{"dtype":"number","min":553.7906168778119,"max":572.7675299143513}},"outputs":{"0":{"dtype":"string","min":0,"max":1,"uniqueValues":["x","y"],"legend":{"x":[1,0],"y":[0,1]}}},"isNormalized":true}